slide,start,end,duration_seconds,title
01,0:00,0:15,15,"Trust agents with proof, not intuition"
02,0:15,0:27,12,"The trust question"
03,0:27,0:42,15,"Agents become operations"
04,0:42,0:57,15,"The invisible break"
05,0:57,1:15,18,"The engineer's morning"
06,1:15,1:33,18,"The failure looked healthy"
07,1:33,1:48,15,"We have data, still lack cause"
08,1:48,2:06,18,"Healthy dashboard, falling outcomes"
09,2:06,2:24,18,"Three missing links"
10,2:24,2:44,20,"Meet Nexus Loop"
11,2:44,3:14,30,"Product video"
12,3:14,3:29,15,"The loop knows when not to answer"
13,3:29,3:51,22,"Architecture"
14,3:51,4:13,22,"Agent evaluation and recommendation"
15,4:13,4:31,18,"Three faults, three traps"
16,4:31,4:49,18,"Diagnosis chain"
17,4:49,5:09,20,"Proposal and verification"
18,5:09,5:27,18,"Automation boundary"
19,5:27,5:42,15,"Confidence"
20,5:42,5:54,12,"Eleven questions"
21,5:54,6:09,15,"Test design"
22,6:09,6:27,18,"Validation"
23,6:27,6:45,18,"Operator experience"
24,6:45,7:05,20,"Measured impact"
25,7:05,7:20,15,"Credible today, designed to scale"
26,7:20,7:38,18,"Production roadmap"
27,7:38,7:52,14,"Closing"
28,7:52,8:00,8,"Thank you"

